Skenario,URL Citra,Info Penyakit,Percakapan,Referensi,Agent Goal Accuracy,Context Relevance,Disease Accuracy,Faithfulness,Trajectory Accuracy
1,https://ttymsbsmurxtpsrvlokw.supabase.co/storage/v1/object/public/thesis-bucket/plantwild/evaluation/images/0249_rice_leaf.jpg,"{'Tanaman': 'rice', 'Kelas': 'rice leaf', 'Patogen': 'healthy'}","{'Input': 'Tanaman padi saya ini terlihat sangat hijau dan segar di sawah. Apakah ini tandanya tanaman saya sehat? Ada tips untuk perawatannya agar tetap subur?', 'Jawaban': 'Dari foto yang Anda bagikan, tanaman padi Anda memang terlihat tumbuh sangat rimbun dan hijau pekat. Namun, jika diperhatikan lebih dekat pada bagian depan dan tengah foto, terdapat beberapa gejala yang perlu diwaspadai agar tanaman tetap sehat hingga panen.\n\n**Hasil Pengamatan Visual**\nMeskipun sec...'}","{'Tujuan': 'Nilai status kesehatan rice dari gambar, konfirmasi bahwa tanaman sehat, dan berikan rekomendasi perawatan dan pemeliharaan.', 'Panggilan Alat': ['knowledgebase_search']}","{'score': 1.0, 'comment': 'The agent fully achieves the reference goal by providing a comprehensive and nuanced assessment. It correctly analyzes the image, noting not just the overall greenness but also the subtle signs of potential issues like yellowing tips and spots. The agent effectively uses the `plant_disease_identific...'}","{'score': 1.0, 'comment': None}","{'score': 1.0, 'comment': ""The score is 1.0 because the BinaryJudgementNode at Level 0 correctly identified the plant as healthy, as the agent's overall conclusion was that the plant was in good condition despite mentioning potential early signs, which aligns with the criteria for a healthy plant case. This positive judgment ...""}","{'score': 1.0, 'comment': 'The response accurately identifies potential diseases, Hawar Daun Bakteri (Bacterial Leaf Blight) and Blas (Blast), which are directly supported by the retrieval context and tool outputs. The visual observations of yellowing tips and spots are reasonable given the image. All care recommendations, su...'}","{'score': 1.0, 'comment': 'Trajektori referensi mengharuskan pemanggilan `knowledgebase_search`. Trajektori aktual tidak hanya memenuhi persyaratan ini dengan memanggil `knowledgebase_search` beberapa kali, tetapi juga menambahkan alat-alat yang sangat relevan dan diperlukan untuk menjawab permintaan pengguna secara lengkap. ...'}"
1,https://ttymsbsmurxtpsrvlokw.supabase.co/storage/v1/object/public/thesis-bucket/plantwild/evaluation/images/0144_squash_powdery_mildew.jpg,"{'Tanaman': 'squash', 'Kelas': 'squash powdery mildew', 'Patogen': 'fungal'}","{'Input': 'Squash saya memiliki bercak-bercak putih seperti bedak di daunnya. Ini kira-kira kenapa ya dan bagaimana cara mengobatinya?', 'Jawaban': 'Berdasarkan foto yang Anda unggah, daun squash tersebut menunjukkan gejala klasik **Embun Tepung (Powdery Mildew)**.\n\n**Hasil Observasi Visual:**\n*   **Gejala:** Terlihat bercak-bercak putih yang menyerupai bedak atau tepung pada permukaan atas daun.\n*   **Penyebaran:** Bercak-bercak tersebut mulai ...'}","{'Tujuan': 'Lakukan triase visual pada gejala squash yang terlihat di gambar, gunakan alat identifikasi penyakit untuk mengonfirmasi squash powdery mildew, lalu berikan panduan manajemen dan pengobatan berbasis bukti.', 'Panggilan Alat': ['closed_set_leaf_detection', 'plant_disease_identification', 'knowledgebase_search']}","{'score': 1.0, 'comment': 'The agent fully achieved the reference goal by correctly performing all three required tasks: visual analysis, disease identification, and providing management guidance. It accurately used the `plant_disease_identification` tool to confirm the issue as squash powdery mildew, consistent with the visu...'}","{'score': 1.0, 'comment': None}","{'score': 1.0, 'comment': ""The score is 1.0 because the BinaryJudgementNode at Level 0 correctly identified it as a disease case, leading to the BinaryJudgementNode at Level 1, which confirmed the agent's accurate identification of 'squash powdery mildew', resulting in a final True verdict from the VerdictNode at Level 2.""}","{'score': 1.0, 'comment': 'The model correctly identifies the disease as Powdery Mildew, a conclusion strongly supported by the `plant_disease_identification` tool results in the retrieval context. The visual observations accurately describe the white, powdery spots visible on the squash leaves in the image. All specific trea...'}","{'score': 1.0, 'comment': 'Trajektori aktual adalah superset yang sempurna dari trajektori referensi. Pertama, ia memanggil semua alat yang ada di referensi: `closed_set_leaf_detection`, `plant_disease_identification`, dan `knowledgebase_search`. Ini memenuhi semua persyaratan wajib dan juga mencakup panggilan alat deteksi op...'}"
1,https://ttymsbsmurxtpsrvlokw.supabase.co/storage/v1/object/public/thesis-bucket/plantwild/evaluation/images/0186_basil_leaf.jpg,"{'Tanaman': 'basil', 'Kelas': 'basil leaf', 'Patogen': 'healthy'}","{'Input': 'Daun basil saya ini terlihat sangat hijau dan segar dengan tekstur yang halus. Apakah ini tandanya tanaman basil saya sehat? Ada tips untuk perawatannya agar tetap seperti ini?', 'Jawaban': 'Berdasarkan foto yang Anda berikan, daun basil Anda memang terlihat sangat sehat dan prima. Daunnya memiliki warna hijau yang cerah dan merata dengan tekstur yang halus serta mengkilap, yang merupakan ciri khas tanaman basil yang mendapatkan nutrisi dan kondisi lingkungan yang tepat. Tidak ada tanda...'}","{'Tujuan': 'Nilai status kesehatan basil dari gambar, konfirmasi bahwa tanaman sehat, dan berikan rekomendasi perawatan dan pemeliharaan.', 'Panggilan Alat': ['knowledgebase_search']}","{'score': 1.0, 'comment': ""The response fully achieves all objectives. It correctly assesses the basil's health from the image, confirms it is healthy, and provides detailed care recommendations. The agent appropriately used the `plant_disease_identification` tool to analyze the image and the `knowledgebase_search` tool to fi...""}","{'score': 1.0, 'comment': None}","{'score': 1.0, 'comment': ""The score is 1.0 because the DAG traversal shows that the 'BinaryJudgementNode' at Level 0 correctly identified the plant as healthy, stating 'Agen dengan jelas menyatakan bahwa tanaman basil terlihat sangat sehat dan prima, serta tidak ada tanda-tanda penyakit atau hama. Agen juga memberikan tips p...""}","{'score': 1.0, 'comment': 'Respons ini sangat setia pada konteks yang diberikan. Observasi visualnya akurat, mengonfirmasi bahwa daun basil terlihat sehat seperti yang dijelaskan oleh pengguna dan didukung oleh hasil pencarian gambar. Semua tips perawatan yang diberikan, seperti penyiraman di pangkal batang, pemangkasan, dan ...'}","{'score': 1.0, 'comment': 'Trajektori referensi mengharapkan panggilan ke `knowledgebase_search` untuk menjawab permintaan pengguna mengenai tips perawatan. Trajektori aktual berhasil memanggil `knowledgebase_search` untuk memenuhi persyaratan ini. Selain itu, trajektori aktual secara tepat menambahkan panggilan ke `plant_dis...'}"
1,https://ttymsbsmurxtpsrvlokw.supabase.co/storage/v1/object/public/thesis-bucket/plantwild/evaluation/images/0234_maple_leaf.jpg,"{'Tanaman': 'maple', 'Kelas': 'maple leaf', 'Patogen': 'healthy'}","{'Input': 'Daun pohon maple saya ini terlihat sangat segar dengan warna hijau dan beberapa mulai memerah. Apakah ini tandanya pohon saya dalam kondisi sehat? Bagaimana tips perawatannya agar tetap bagus?', 'Jawaban': 'Berdasarkan foto yang Anda bagikan, pohon maple Anda (kemungkinan jenis *Japanese Maple* atau *Acer palmatum*) terlihat sangat sehat. Perubahan warna daun menjadi kemerahan pada beberapa bagian merupakan hal yang normal dan justru menjadi daya tarik utama pohon ini, baik karena faktor usia daun, int...'}","{'Tujuan': 'Nilai status kesehatan maple dari gambar, konfirmasi bahwa tanaman sehat, dan berikan rekomendasi perawatan dan pemeliharaan.', 'Panggilan Alat': ['knowledgebase_search']}","{'score': 1.0, 'comment': 'Agen berhasil memenuhi semua tujuan yang diharapkan. Analisis visual terhadap gambar dilakukan dengan sangat baik, dengan benar menyimpulkan bahwa pohon maple itu sehat berdasarkan warna daun dan tidak adanya tanda-tanda penyakit. Selain itu, agen secara efektif menggunakan alat `web_search` untuk m...'}","{'score': 1.0, 'comment': None}","{'score': 1.0, 'comment': ""The score is 1.0 because the DAG traversal shows that the 'BinaryJudgementNode' at Level 0 correctly identified the plant as healthy, leading to a 'True' verdict, which then deterministically resulted in the final 'VerdictNode' at Level 1 also being 'True'.""}","{'score': 1.0, 'comment': 'The response is highly faithful to the provided context. All specific care recommendations, such as watering frequency (twice a week), sun protection, and soil acidity, are directly supported by the retrieval context. The visual observations about the leaf color and condition are accurate based on t...'}","{'score': 1.0, 'comment': ""The user provided an image of a healthy-looking leaf and asked for a health assessment and care tips. The reference trajectory correctly identifies the need for a knowledge search by including `knowledgebase_search`. The agent's actual trajectory first calls `knowledgebase_search`, which perfectly m...""}"
1,https://ttymsbsmurxtpsrvlokw.supabase.co/storage/v1/object/public/thesis-bucket/plantwild/evaluation/images/0129_plum_pocket_disease.jpg,"{'Tanaman': 'plum', 'Kelas': 'plum pocket disease', 'Patogen': 'fungal'}","{'Input': 'Buah plum saya kok bentuknya aneh ya, bengkak-bengkak dan ada serbuk abu-abunya gitu. Ini kira-kira kenapa ya dan bagaimana cara mengobatinya?', 'Jawaban': 'Berdasarkan foto yang Anda kirimkan dan deskripsi gejalanya, buah plum tersebut mengalami penyakit yang disebut **Plum Pockets** (kantong plum), yang disebabkan oleh infeksi jamur *Taphrina pruni*.\n\n**Hasil Pengamatan Visual:**\n*   **Buah Membengkak:** Saya melihat buah plum tumbuh tidak normal, mem...'}","{'Tujuan': 'Lakukan triase visual pada gejala plum yang terlihat di gambar, gunakan alat identifikasi penyakit untuk mengonfirmasi plum pocket disease, lalu berikan panduan manajemen dan pengobatan berbasis bukti.', 'Panggilan Alat': ['closed_set_leaf_detection', 'plant_disease_identification', 'knowledgebase_search']}","{'score': 1.0, 'comment': 'The agent successfully achieved all parts of the reference goal. It performed an accurate visual analysis of the image, correctly identified the disease as Plum Pockets, and provided comprehensive, actionable management advice. The agent effectively used the detection and identification tools to sup...'}","{'score': 1.0, 'comment': None}","{'score': 1.0, 'comment': ""The score is 1.0 because the DAG traversal first confirmed it was a disease case (BinaryJudgementNode Level 0 Verdict: False), and subsequently, the agent correctly identified the expected disease 'plum pocket disease' (BinaryJudgementNode Level 1 Verdict: True), leading to a final VerdictNode Level...""}","{'score': 1.0, 'comment': 'Respons ini sangat setia pada konteks yang diberikan. Observasi visualnya akurat, mengonfirmasi bahwa daun basil terlihat sehat seperti yang dijelaskan oleh pengguna dan didukung oleh hasil pencarian gambar. Semua tips perawatan yang diberikan, seperti penyiraman di pangkal batang, pemangkasan, dan ...'}","{'score': 1.0, 'comment': '1. **Pemeriksaan Alat Wajib**: Trajektori referensi memiliki dua alat wajib: `plant_disease_identification` dan `knowledgebase_search`. Trajektori aktual memanggil kedua alat ini. `plant_disease_identification` dipanggil dua kali untuk validasi silang (text-to-image dan image-to-image), dan pencaria...'}"
2,https://ttymsbsmurxtpsrvlokw.supabase.co/storage/v1/object/public/thesis-bucket/plantwild/evaluation/images/0040_cabbage_alternaria_leaf_spot.jpg,"{'Tanaman': 'cabbage', 'Kelas': 'cabbage alternaria leaf spot', 'Patogen': 'fungal'}","{'Input': 'Tanaman kubis saya daunnya jadi begini. Ini sakit apa ya dan bagaimana cara menanganinya?', 'Jawaban': 'Berdasarkan foto yang Anda bagikan, daun kubis tersebut menunjukkan gejala yang sangat khas dari **Bercak Alternaria (*Alternaria leaf spot*)**, yang disebabkan oleh jamur.\n\n**Hasil Pengamatan Visual:**\n* **Gejala:** Terlihat banyak bercak kecil berwarna cokelat hingga abu-abu yang tersebar di permu...'}","{'Tujuan': 'Lakukan triase visual pada gejala cabbage yang terlihat di gambar, gunakan alat identifikasi penyakit untuk mengonfirmasi cabbage alternaria leaf spot, lalu berikan panduan manajemen dan pengobatan berbasis bukti.', 'Panggilan Alat': ['plant_disease_identification', 'knowledgebase_search']}","{'score': 1.0, 'comment': ""Agen berhasil memenuhi semua aspek tujuan referensi. Agen melakukan analisis visual yang akurat terhadap gambar, mengidentifikasi penyakit dengan benar sebagai 'Bercak Alternaria' menggunakan alat identifikasi, dan memberikan panduan penanganan yang komprehensif. Saran yang diberikan, seperti rotasi...""}","{'score': 1.0, 'comment': None}","{'score': 1.0, 'comment': ""The score is 1.0 because the 'BinaryJudgementNode' at Level 0 correctly identified the disease as 'Bercak Alternaria (Alternaria leaf spot)', which aligns with the expected identification for this disease case, leading to a True verdict.""}","{'score': 1.0, 'comment': ""The response is highly faithful to the provided context. The identification of 'Bercak Alternaria' is directly supported by the `plant_disease_identification` tool's top prediction. The specific pathogen names, *Alternaria brassicicola* and *Alternaria brassicae*, are mentioned in the retrieval cont...""}","{'score': 1.0, 'comment': ""Langkah 1 & 2: Alat referensi adalah ['plant_disease_identification', 'knowledgebase_search']. Alat aktual adalah ['plant_disease_identification', 'knowledgebase_search', 'web_search'].\n\nLangkah 3: Semua alat wajib dari referensi (`plant_disease_identification` dan `knowledgebase_search`) ada dalam ...""}"
2,https://ttymsbsmurxtpsrvlokw.supabase.co/storage/v1/object/public/thesis-bucket/plantwild/evaluation/images/0010_apple_scab.jpg,"{'Tanaman': 'apple', 'Kelas': 'apple scab', 'Patogen': 'fungal'}","{'Input': 'Tanaman apel saya daunnya jadi seperti ini. Penyakit apa ini dan apa yang harus saya lakukan untuk mengobatinya?', 'Jawaban': 'Berdasarkan foto yang Anda kirimkan, daun apel tersebut menunjukkan gejala yang sangat khas dari penyakit **Kudis Apel (Apple Scab)** yang disebabkan oleh jamur *Venturia inaequalis*.\n\n**Hasil Observasi Visual:**\n*   **Bercak pada Daun:** Terlihat bercak-bercak bulat berwarna hijau zaitun gelap hing...'}","{'Tujuan': 'Lakukan triase visual pada gejala apple yang terlihat di gambar, gunakan alat identifikasi penyakit untuk mengonfirmasi apple scab, lalu berikan panduan manajemen dan pengobatan berbasis bukti.', 'Panggilan Alat': ['closed_set_leaf_detection', 'plant_disease_identification', 'knowledgebase_search']}","{'score': 1.0, 'comment': 'The response fully achieves the reference goal. It correctly performs a visual analysis of the image, accurately identifies the disease as Apple Scab using the appropriate tools, and provides comprehensive management advice that is directly and correctly grounded in the output from the knowledge bas...'}","{'score': 1.0, 'comment': None}","{'score': 1.0, 'comment': ""The score is 1.0 because the BinaryJudgementNode at Level 0 correctly identified it as a disease case, and the subsequent BinaryJudgementNode at Level 1 confirmed the agent accurately identified 'apple scab' as the main disease, leading to a True verdict at the VerdictNode at Level 2.""}","{'score': 1.0, 'comment': 'The response is highly faithful to the provided context. It correctly identifies the disease as Apple Scab (*Venturia inaequalis*), which is supported by both the image analysis tool and the knowledge base search results. All specific recommendations, such as sanitation, pruning, and the use of spec...'}","{'score': 1.0, 'comment': 'Langkah-langkah evaluasi diikuti sebagai berikut:\n1.  **Ekstrak Alat Referensi**: Trajektori referensi mengharapkan `closed_set_leaf_detection`, `plant_disease_identification`, dan `knowledgebase_search`.\n2.  **Ekstrak Alat Aktual**: Trajektori aktual memanggil `closed_set_leaf_detection`, `plant_di...'}"
2,https://ttymsbsmurxtpsrvlokw.supabase.co/storage/v1/object/public/thesis-bucket/plantwild/evaluation/images/0151_strawberry_leaf_scorch.jpg,"{'Tanaman': 'strawberry', 'Kelas': 'strawberry leaf scorch', 'Patogen': 'fungal'}","{'Input': 'Tanaman strawberry saya kondisinya begini. Ini penyakit apa ya? Dan bagaimana cara mengobatinya?', 'Jawaban': 'Berdasarkan foto yang Anda bagikan, terlihat adanya bercak-bercak kecil berwarna ungu tua hingga cokelat gelap yang tersebar di permukaan atas daun strawberry. Bercak-bercak ini memiliki bentuk yang tidak beraturan dan di beberapa bagian mulai menyatu membentuk area kecokelatan yang lebih luas.\n\nDar...'}","{'Tujuan': 'Lakukan triase visual pada gejala strawberry yang terlihat di gambar, gunakan alat identifikasi penyakit untuk mengonfirmasi strawberry leaf scorch, lalu berikan panduan manajemen dan pengobatan berbasis bukti.', 'Panggilan Alat': ['closed_set_leaf_detection', 'plant_disease_identification', 'knowledgebase_search']}","{'score': 1.0, 'comment': ""The response fully achieves the reference goal. It begins with an accurate visual description of the symptoms on the strawberry leaves. It then correctly identifies the disease as 'Leaf Scorch', which is consistent with the output from the `plant_disease_identification` tool. Finally, it provides a ...""}","{'score': 1.0, 'comment': None}","{'score': 1.0, 'comment': ""The score is 1.0 because the DAG traversal shows that the agent correctly identified the case as a disease (BinaryJudgementNode Level 0 Verdict: False) and subsequently accurately identified the specific disease as 'strawberry leaf scorch' (BinaryJudgementNode Level 1 Verdict: True), leading to a fi...""}","{'score': 1.0, 'comment': ""The response is highly faithful to the provided context. The identification of the disease as 'Leaf Scorch' caused by *Diplocarpon earlianum* is directly supported by both the image analysis tool and the knowledge base search results. The description of symptoms and the recommended management strate...""}","{'score': 1.0, 'comment': 'Langkah-langkah evaluasi diikuti sebagai berikut:\n1. **Ekstrak Alat Referensi:** Alat-alat dalam referensi adalah `closed_set_leaf_detection` (opsional), `plant_disease_identification` (wajib), dan `knowledgebase_search` (wajib, karena pengguna bertanya tentang pengobatan).\n2. **Ekstrak Alat Aktual:...'}"
2,https://ttymsbsmurxtpsrvlokw.supabase.co/storage/v1/object/public/thesis-bucket/plantwild/evaluation/images/0202_cauliflower_leaf.jpg,"{'Tanaman': 'cauliflower', 'Kelas': 'cauliflower leaf', 'Patogen': 'healthy'}","{'Input': 'Apakah tanaman kembang kol saya ini terlihat sehat? Mohon berikan saran perawatannya.', 'Jawaban': 'Tanaman kembang kol Anda secara keseluruhan terlihat cukup subur dan memiliki warna hijau yang sehat. Namun, dari foto tersebut terlihat ada beberapa gejala yang perlu diperhatikan untuk menjaga pertumbuhannya tetap optimal.\n\n**Observasi Visual**\n*   **Kondisi Daun:** Daun-daunnya terlihat lebar dan...'}","{'Tujuan': 'Nilai status kesehatan cauliflower dari gambar, konfirmasi bahwa tanaman sehat, dan berikan rekomendasi perawatan dan pemeliharaan.', 'Panggilan Alat': ['knowledgebase_search']}","{'score': 1.0, 'comment': 'Agen sepenuhnya memenuhi tujuan referensi. Agen secara akurat menilai kesehatan tanaman dari gambar, mengidentifikasi bahwa tanaman tersebut secara umum sehat tetapi memiliki lubang-lubang yang kemungkinan disebabkan oleh hama. Agen menggunakan alat `knowledgebase_search` dengan tepat untuk menemuka...'}","{'score': 1.0, 'comment': None}","{'score': 0.3, 'comment': ""The score is 0.3 because the agent incorrectly identified a pest problem instead of a healthy plant (Level 0 verdict: False) and failed to identify 'cauliflower leaf' or the 'healthy' pathogen type (Level 1, 2, and 3 verdicts: False). However, the agent correctly deferred judgment by requesting more...""}","{'score': 1.0, 'comment': 'The response is highly faithful to the provided context. It correctly identifies the disease as Apple Scab (*Venturia inaequalis*), which is supported by both the image analysis tool and the knowledge base search results. All specific recommendations, such as sanitation, pruning, and the use of spec...'}","{'score': 1.0, 'comment': '1. **Analisis Referensi vs Aktual**: Trajektori referensi hanya menyertakan satu alat wajib: `knowledgebase_search`. Trajektori aktual memanggil `knowledgebase_search` (bahkan dua kali), sehingga memenuhi persyaratan dasar.\n2. **Evaluasi Alat Tambahan**: Agen menambahkan tiga panggilan alat: `closed...'}"
2,https://ttymsbsmurxtpsrvlokw.supabase.co/storage/v1/object/public/thesis-bucket/plantwild/evaluation/images/0127_peach_leaf_curl.jpg,"{'Tanaman': 'peach', 'Kelas': 'peach leaf curl', 'Patogen': 'viral'}","{'Input': 'Saya punya pohon peach yang kondisinya begini. Ini penyakit apa ya dan bagaimana cara menanganinya?', 'Jawaban': 'Berdasarkan foto yang Anda berikan, pohon peach Anda menunjukkan gejala yang sangat khas dari penyakit **Peach Leaf Curl** (Keriting Daun Persik) yang disebabkan oleh jamur *Taphrina deformans*.\n\n**Hasil Pengamatan Visual:**\n*   **Gejala pada Daun:** Daun terlihat menebal, berkerut, dan melengkung a...'}","{'Tujuan': 'Lakukan triase visual pada gejala peach yang terlihat di gambar, gunakan alat identifikasi penyakit untuk mengonfirmasi peach leaf curl, lalu berikan panduan manajemen dan pengobatan berbasis bukti.', 'Panggilan Alat': ['plant_disease_identification', 'knowledgebase_search']}","{'score': 1.0, 'comment': ""Agen berhasil memenuhi semua aspek tujuan referensi. Identifikasi 'Peach Leaf Curl' akurat, didukung oleh analisis visual gambar dan output dari alat `plant_disease_identification`. Panduan manajemen yang diberikan sangat baik dan didasarkan pada hasil dari alat `knowledgebase_search`. Secara khusus...""}","{'score': 1.0, 'comment': None}","{'score': 1.0, 'comment': ""The score is 1.0 because the BinaryJudgementNode at Level 0 correctly identified the disease as 'Peach Leaf Curl' and its pathogen, leading to a True verdict, which was then confirmed by the VerdictNode at Level 1.""}","{'score': 1.0, 'comment': 'The response accurately identifies Peach Leaf Curl, caused by Taphrina deformans, which is supported by both the image analysis tool and the retrieval context. All specific treatment recommendations, such as using copper-based fungicides or lime-sulfur during the dormant season, are directly grounde...'}","{'score': 1.0, 'comment': ""Langkah 1 & 2: Alat referensi adalah ['plant_disease_identification', 'knowledgebase_search']. Alat aktual yang dipanggil adalah ['closed_set_leaf_detection', 'plant_disease_identification', 'knowledgebase_search', 'knowledgebase_search'].\n\nLangkah 3: Semua alat wajib dari referensi (`plant_disease_...""}"
3,https://ttymsbsmurxtpsrvlokw.supabase.co/storage/v1/object/public/thesis-bucket/plantwild/evaluation/images/0113_grape_leaf_spot.jpg,"{'Tanaman': 'grape', 'Kelas': 'grape leaf spot', 'Patogen': 'fungal'}","{'Input': 'Aduh, kenapa ya tanaman saya jadi seperti ini? Daun-daunnya terlihat rusak dan mati. Apakah ini penyakit? Tolong bantu identifikasi dan bagaimana cara mengatasinya.', 'Jawaban': 'Berdasarkan foto yang Anda kirimkan, tanaman semangka Anda terlihat mengalami serangan penyakit bercak daun yang cukup parah. Berikut adalah hasil pengamatan dan identifikasinya:\n\n**Hasil Pengamatan Visual**\nPada foto tersebut, saya melihat banyak sekali bercak berwarna cokelat tua hingga kehitaman ...'}","{'Tujuan': 'Lakukan triase visual pada gejala grape yang terlihat di gambar, gunakan alat identifikasi penyakit untuk mengonfirmasi grape leaf spot, lalu berikan panduan manajemen dan pengobatan berbasis bukti.', 'Panggilan Alat': ['closed_set_leaf_detection', 'plant_disease_identification', 'knowledgebase_search']}","{'score': 1.0, 'comment': ""The agent provided a high-quality response that fully addressed the user's request to identify a plant disease and provide treatment advice. It performed an excellent visual analysis of the watermelon leaves in the image. Critically, it correctly disregarded the noisy and inaccurate outputs from the...""}","{'score': 1.0, 'comment': None}","{'score': 0.5, 'comment': 'The score is 0.5 because the agent correctly identified the pathogen type as fungal (BinaryJudgementNode Level 3 Verdict: True), but failed to correctly identify the primary disease (BinaryJudgementNode Level 1 Verdict: False) and did not include the expected disease in the differential diagnosis (B...'}","{'score': 1.0, 'comment': ""The model's response is highly faithful to the provided context. It accurately identifies multiple potential diseases (Anthracnose, Alternaria Leaf Blight, and Angular Leaf Spot) and correctly bases these identifications on symptoms described in the retrieval context, such as 'angular dark brown or ...""}","{'score': 1.0, 'comment': '1. **Analisis Trajektori Referensi dan Aktual**: Trajektori referensi mengharapkan urutan `closed_set_leaf_detection`, `plant_disease_identification`, dan `knowledgebase_search`. Trajektori aktual memanggil `closed_set_leaf_detection`, `plant_disease_identification` (dua kali), dan `knowledgebase_se...'}"
3,https://ttymsbsmurxtpsrvlokw.supabase.co/storage/v1/object/public/thesis-bucket/plantwild/evaluation/images/0125_maple_tar_spot.jpg,"{'Tanaman': 'maple', 'Kelas': 'maple tar spot', 'Patogen': 'fungal'}","{'Input': 'Kenapa ya daun pohon saya jadi banyak bercak hitam begini? Ini penyakit apa dan bagaimana cara menanganinya?', 'Jawaban': 'Berdasarkan foto yang Anda lampirkan, pohon Maple Anda terkena penyakit yang disebut **Bercak Ter (Tar Spot)**, yang biasanya disebabkan oleh jamur dari genus *Rhytisma*.\n\nBerikut adalah analisis dan langkah-langkah penanganannya:\n\n**Hasil Pengamatan Visual**\nDari foto terlihat adanya bercak hitam p...'}","{'Tujuan': 'Lakukan triase visual pada gejala maple yang terlihat di gambar, gunakan alat identifikasi penyakit untuk mengonfirmasi maple tar spot, lalu berikan panduan manajemen dan pengobatan berbasis bukti.', 'Panggilan Alat': ['closed_set_leaf_detection', 'plant_disease_identification', 'knowledgebase_search']}","{'score': 1.0, 'comment': ""Agen berhasil memenuhi semua tujuan referensi. Identifikasi penyakit 'Bercak Ter (Tar Spot)' didasarkan secara akurat pada pengamatan visual gambar dan output dari alat `plant_disease_identification`. Selain itu, agen memberikan panduan manajemen yang komprehensif dan praktis, yang bersumber dari al...""}","{'score': 1.0, 'comment': None}","{'score': 1.0, 'comment': ""The score is 1.0 because the BinaryJudgementNode at Level 0 correctly identified the disease as 'Bercak Ter (Tar Spot)', leading to a True verdict and subsequently the final True verdict at VerdictNode Level 1.""}","{'score': 0.8, 'comment': 'The response correctly identifies the disease as Maple Tar Spot, which is supported by the plant disease identification tool. The primary management advice, focusing on sanitation by raking fallen leaves, and the assessment that the disease is mainly cosmetic are both well-grounded in the web search...'}","{'score': 1.0, 'comment': 'Trajektori referensi mengharapkan urutan: deteksi, identifikasi, dan pencarian pengetahuan (`closed_set_leaf_detection`, `plant_disease_identification`, `knowledgebase_search`). Trajektori aktual agen mengikuti pola ini dengan sempurna dan bahkan menunjukkan perilaku yang lebih kuat. Pertama, agen m...'}"
3,https://ttymsbsmurxtpsrvlokw.supabase.co/storage/v1/object/public/thesis-bucket/plantwild/evaluation/images/0221_eggplant_leaf.jpg,"{'Tanaman': 'eggplant', 'Kelas': 'eggplant leaf', 'Patogen': 'healthy'}","{'Input': 'Halo, apakah tanaman saya ini terlihat sehat? Bagaimana cara merawatnya supaya hasilnya bagus?', 'Jawaban': 'Tanaman terong Anda terlihat cukup produktif dengan buah yang tampak sehat, mengkilap, dan berwarna ungu tua yang bagus. Namun, jika kita melihat lebih dekat pada bagian daunnya, ada beberapa hal yang perlu diperhatikan agar tanaman tetap tumbuh optimal.\n\n**Pengamatan Visual**\nDari foto yang Anda be...'}","{'Tujuan': 'Nilai status kesehatan eggplant dari gambar, konfirmasi bahwa tanaman sehat, dan berikan rekomendasi perawatan dan pemeliharaan.', 'Panggilan Alat': ['knowledgebase_search']}","{'score': 1.0, 'comment': ""The agent successfully achieved all parts of the reference goal. It correctly assessed the plant's health, noting both the healthy fruit and the signs of disease on the leaves. It accurately identified 'Bercak Daun Cercospora' by correctly interpreting the output from the `plant_disease_identificati...""}","{'score': 1.0, 'comment': None}","{'score': 1.0, 'comment': ""The score is 1.0 because the DAG traversal shows that at Level 0, the BinaryJudgementNode correctly determined the agent did not identify the plant as healthy, as the agent explicitly identified 'Bercak Daun Cercospora'. This led to the next node at Level 1, where the BinaryJudgementNode found the a...""}","{'score': 0.8, 'comment': 'The response correctly identifies the disease as Maple Tar Spot, which is supported by the plant disease identification tool. The primary management advice, focusing on sanitation by raking fallen leaves, and the assessment that the disease is mainly cosmetic are both well-grounded in the web search...'}","{'score': 1.0, 'comment': '1.  **Analisis Referensi vs. Aktual**: Trajektori referensi hanya mengharapkan satu panggilan `knowledgebase_search`. Trajektori aktual memanggil `closed_set_leaf_detection`, `plant_disease_identification`, dan dua panggilan `knowledgebase_search`.\n\n2.  **Pemenuhan Alat Wajib**: Alat wajib dari refe...'}"
3,https://ttymsbsmurxtpsrvlokw.supabase.co/storage/v1/object/public/thesis-bucket/plantwild/evaluation/images/0026_bean_rust.jpg,"{'Tanaman': 'bean', 'Kelas': 'bean rust', 'Patogen': 'fungal'}","{'Input': 'Tanaman saya sepertinya sakit, ini kenapa ya? Apa yang harus saya lakukan untuk mengobatinya?', 'Jawaban': 'Berdasarkan foto yang Anda lampirkan, tanaman Anda (kemungkinan jenis kacang-kacangan) menunjukkan gejala khas penyakit **Karat Daun (Bean Rust)** yang disebabkan oleh jamur *Uromyces appendiculatus*.\n\nDari foto tersebut, terlihat bintik-bintik kecil berwarna cokelat kemerahan seperti karat yang men...'}","{'Tujuan': 'Lakukan triase visual pada gejala bean yang terlihat di gambar, gunakan alat identifikasi penyakit untuk mengonfirmasi bean rust, lalu berikan panduan manajemen dan pengobatan berbasis bukti.', 'Panggilan Alat': ['closed_set_leaf_detection', 'plant_disease_identification', 'knowledgebase_search']}","{'score': 1.0, 'comment': 'Agen berhasil memenuhi semua tujuan referensi. Agen menggunakan alat `plant_disease_identification` dengan benar untuk mengidentifikasi penyakit sebagai Karat Daun (Bean Rust) berdasarkan gambar yang diberikan. Selanjutnya, agen menggunakan alat `knowledgebase_search` untuk memberikan panduan manaje...'}","{'score': 1.0, 'comment': None}","{'score': 1.0, 'comment': ""The score is 1.0 because the BinaryJudgementNode at Level 0 correctly identified the disease as 'Karat Daun (Bean Rust)', leading to a True verdict and subsequently the final True verdict from the VerdictNode at Level 1.""}","{'score': 1.0, 'comment': 'The response is highly faithful to the provided context. The identification of the disease as ""Karat Daun (Bean Rust)"" caused by *Uromyces appendiculatus* is directly supported by the `plant_disease_identification` tool output and the `knowledgebase_search` results. Furthermore, all specific symptom...'}","{'score': 1.0, 'comment': 'The user wants to identify a plant disease from an image and get treatment advice. The reference trajectory outlines the ideal workflow: 1. `closed_set_leaf_detection` to isolate the leaves, 2. `plant_disease_identification` to diagnose the issue, and 3. `knowledgebase_search` to find treatment opti...'}"
3,https://ttymsbsmurxtpsrvlokw.supabase.co/storage/v1/object/public/thesis-bucket/plantwild/evaluation/images/0134_potato_early_blight.jpg,"{'Tanaman': 'potato', 'Kelas': 'potato early blight', 'Patogen': 'fungal'}","{'Input': 'Kenapa ya tanaman saya jadi begini? Ada bercak-bercak aneh di daunnya. Ini penyakit apa dan bagaimana cara mengatasinya?', 'Jawaban': 'Dari foto yang Anda unggah, tanaman tersebut terlihat seperti tanaman kentang yang sedang mengalami masalah kesehatan pada daun dan batangnya.\n\n**Hasil Observasi Visual**\nPada daun-daun tersebut terdapat bercak-bercak besar berwarna cokelat muda atau krem yang bentuknya tidak beraturan (nekrotik). B...'}","{'Tujuan': 'Lakukan triase visual pada gejala potato yang terlihat di gambar, gunakan alat identifikasi penyakit untuk mengonfirmasi potato early blight, lalu berikan panduan manajemen dan pengobatan berbasis bukti.', 'Panggilan Alat': ['closed_set_leaf_detection', 'plant_disease_identification', 'knowledgebase_search']}","{'score': 1.0, 'comment': ""Agen berhasil memenuhi semua tujuan yang diminta. Agen melakukan observasi visual yang akurat terhadap gambar, menggunakan alat identifikasi penyakit dengan benar, dan secara tepat mengidentifikasi penyakit sebagai 'Hawar Daun' (Late Blight) berdasarkan output alat dengan keyakinan tertinggi. Saran ...""}","{'score': 1.0, 'comment': None}","{'score': 0.5, 'comment': 'The score is 0.5 because the agent correctly identified the case as a disease (Level 0 verdict: False to proceed) and correctly identified the pathogen type as fungal (Level 3 verdict: True). However, the agent failed to correctly identify the main disease as ""potato early blight"" (Level 1 verdict: ...'}","{'score': 1.0, 'comment': 'The response is highly faithful to the provided context. The identification of the disease as ""Karat Daun (Bean Rust)"" caused by *Uromyces appendiculatus* is directly supported by the `plant_disease_identification` tool output and the `knowledgebase_search` results. Furthermore, all specific symptom...'}","{'score': 1.0, 'comment': '1. **Analisis Alat Wajib**: Trajektori referensi memiliki dua alat wajib: `plant_disease_identification` dan `knowledgebase_search`. Trajektori aktual memanggil `plant_disease_identification` (bahkan dua kali untuk validasi) dan `knowledgebase_search` (dua kali untuk kandidat penyakit yang berbeda),...'}"
